Expiration Date,Calls,Last Sale,Net,Bid,Ask,Volume,IV,Delta,Gamma,Open Interest,Strike,Puts,Last Sale,Net,Bid,Ask,Volume,IV,Delta,Gamma,Open Interest
Fri Mar 31 2023,SPXW230331C04075000,14.62,11.22,14.6,15,20198,0.269,0.7811,0.0179,10208,4075.00,SPXW230331P04075000,2.05,-26.05,2,2.05,24594,0.2685,-0.2189,0.0179,574
Fri Mar 31 2023,SPXW230331C04080000,11.13,8.505,11.1,11.2,24533,0.2694,0.6821,0.0217,8755,4080.00,SPXW230331P04080000,3.41,-28.84,3.4,3.5,22787,0.2713,-0.3179,0.0217,318
Fri Mar 31 2023,SPXW230331C04085000,8.03,6.105,7.9,8.1,29050,0.2701,0.5665,0.0237,6010,4085.00,SPXW230331P04085000,5.26,-31.19,5.2,5.4,13166,0.2698,-0.4335,0.0237,1101
Fri Mar 31 2023,SPXW230331C04090000,5.43,4.055,5.4,5.6,41234,0.267,0.4461,0.0241,4865,4090.00,SPXW230331P04090000,7.7,-33.35,7.7,7.9,9151,0.2667,-0.5539,0.0241,350
Fri Mar 31 2023,SPXW230331C04095000,3.5,2.5,3.4,3.5,33538,0.2659,0.3243,0.0227,3022,4095.00,SPXW230331P04095000,10.8,-34.85,10.7,10.9,2221,0.2656,-0.6757,0.0227,170
Fri Mar 31 2023,SPXW230331C04100000,1.98,1.305,2,2.05,65816,0.2591,0.2135,0.0189,12622,4100.00,SPXW230331P04100000,14.5,-35.85,14.1,14.5,5690,0.2614,-0.7865,0.0189,2701
Mon Apr 03 2023,SPXW230403C04075000,25.16,15.71,25.2,25.4,2685,0.1207,0.6144,0.0084,1431,4075.00,SPXW230403P04075000,12.7,-20.8,12.1,12.3,1905,0.12,-0.3852,0.0084,78
Mon Apr 03 2023,SPXW230403C04080000,22,14.25,22.1,22.3,3568,0.1197,0.5725,0.0087,805,4080.00,SPXW230403P04080000,14.2,-22.8,14,14.2,1767,0.119,-0.4271,0.0087,28
Mon Apr 03 2023,SPXW230403C04085000,19.3,12.9,19.2,19.4,2639,0.1182,0.5289,0.0089,1641,4085.00,SPXW230403P04085000,16.2,-24.3,16.1,16.3,1690,0.1179,-0.4708,0.0089,21
Mon Apr 03 2023,SPXW230403C04090000,16.5,11.3,16.5,16.7,2167,0.1173,0.484,0.009,719,4090.00,SPXW230403P04090000,18.5,-25.9,18.4,18.7,999,0.1167,-0.5156,0.009,5
Mon Apr 03 2023,SPXW230403C04095000,14,9.9,14.1,14.3,1475,0.1165,0.4386,0.009,583,4095.00,SPXW230403P04095000,24.4,-24,21,21.2,287,0.1159,-0.5609,0.009,8
Mon Apr 03 2023,SPXW230403C04100000,11.9,8.6,11.9,12.1,6995,0.1155,0.3935,0.0089,2823,4100.00,SPXW230403P04100000,24.9,-27.65,23.8,24.1,1465,0.1149,-0.6062,0.0089,443
Tue Apr 04 2023,SPXW230404C04075000,27.8,13.85,30.5,30.7,1273,0.136,0.5911,0.0066,1754,4075.00,SPXW230404P04075000,18.6,-19.4,17.2,17.5,213,0.1354,-0.4085,0.0066,67
Tue Apr 04 2023,SPXW230404C04080000,25.2,13.15,27.4,27.7,437,0.1345,0.5584,0.0068,609,4080.00,SPXW230404P04080000,20.7,-20.4,19.2,19.4,419,0.1345,-0.4412,0.0068,19
Tue Apr 04 2023,SPXW230404C04085000,24.8,14.5,24.5,24.8,727,0.1332,0.5247,0.0069,1238,4085.00,SPXW230404P04085000,21.8,-22.6,21.3,21.5,361,0.1332,-0.475,0.0069,0
Tue Apr 04 2023,SPXW230404C04090000,21.5,12.75,21.9,22.1,457,0.1321,0.4902,0.007,342,4090.00,SPXW230404P04090000,24.5,-23.35,23.6,23.8,237,0.1321,-0.5094,0.007,4
Tue Apr 04 2023,SPXW230404C04095000,19.3,11.9,19.3,19.6,428,0.1312,0.4552,0.007,179,4095.00,SPXW230404P04095000,28.5,-23,26.1,26.3,86,0.1312,-0.5444,0.007,63
Tue Apr 04 2023,SPXW230404C04100000,17.2,10.95,17,17.2,1416,0.1303,0.4201,0.0069,1065,4100.00,SPXW230404P04100000,28.9,-26.45,28.7,29,466,0.1301,-0.5795,0.0069,239
Wed Apr 05 2023,SPXW230405C04075000,33.3,14.85,35.4,35.7,1199,0.1434,0.5875,0.0056,1149,4075.00,SPXW230405P04075000,23.24,-17.66,20.6,20.9,136,0.1429,-0.4125,0.0056,75
Wed Apr 05 2023,SPXW230405C04080000,32,15.65,32.4,32.6,177,0.1422,0.5597,0.0057,482,4080.00,SPXW230405P04080000,24.76,-18.99,22.6,22.8,104,0.142,-0.4403,0.0057,29
Wed Apr 05 2023,SPXW230405C04085000,29.3,29.3,29.5,29.7,171,0.1412,0.5312,0.0058,0,4085.00,SPXW230405P04085000,24.8,24.8,24.7,24.9,98,0.1407,-0.4688,0.0058,0
Wed Apr 05 2023,SPXW230405C04090000,26.3,13.65,26.7,26.9,615,0.1398,0.502,0.0059,1343,4090.00,SPXW230405P04090000,27.3,-22.8,26.9,27.1,328,0.1397,-0.498,0.0059,12
Wed Apr 05 2023,SPXW230405C04095000,24,24,24.1,24.3,346,0.1388,0.4724,0.0059,0,4095.00,SPXW230405P04095000,30,30,29.3,29.5,76,0.1387,-0.5276,0.0059,0
Wed Apr 05 2023,SPXW230405C04100000,21.5,12,21.7,21.9,1720,0.1378,0.4424,0.0059,2663,4100.00,SPXW230405P04100000,34.2,-22.85,31.8,32.1,705,0.1374,-0.5576,0.0059,24
Thu Apr 06 2023,SPXW230406C04075000,38.8,16.85,38.8,39,1028,0.1483,0.5768,0.005,2121,4075.00,SPXW230406P04075000,24.57,-20.08,24.3,24.5,366,0.1477,-0.4233,0.005,46
Thu Apr 06 2023,SPXW230406C04080000,34,14.1,35.7,36,1484,0.147,0.552,0.0051,1659,4080.00,SPXW230406P04080000,27.3,-20.15,26.2,26.5,418,0.1467,-0.448,0.0051,173
Thu Apr 06 2023,SPXW230406C04085000,32.9,32.9,32.9,33.1,212,0.1461,0.5267,0.0052,0,4085.00,SPXW230406P04085000,28.6,28.6,28.4,28.6,307,0.1458,-0.4734,0.0052,0
Thu Apr 06 2023,SPXW230406C04090000,28,12.05,30.1,30.4,393,0.145,0.5009,0.0052,447,4090.00,SPXW230406P04090000,31.1,-22.55,30.6,30.9,225,0.1445,-0.4991,0.0052,77
Thu Apr 06 2023,SPXW230406C04095000,27.58,27.58,27.5,27.8,154,0.1441,0.4748,0.0052,0,4095.00,SPXW230406P04095000,33.7,33.7,33,33.3,58,0.1436,-0.5252,0.0052,0
Thu Apr 06 2023,SPXW230406C04100000,25,12.5,25,25.3,2127,0.143,0.4485,0.0052,9208,4100.00,SPXW230406P04100000,36.2,-24.1,35.5,35.8,855,0.1425,-0.5515,0.0052,2559
Mon Apr 10 2023,SPXW230410C04075000,46.15,17.3,46.7,47,1053,0.144,0.5648,0.004,374,4075.00,SPXW230410P04075000,31.5,-20.05,31.8,32.1,27,0.1438,-0.4349,0.004,25
Mon Apr 10 2023,SPXW230410C04080000,41.7,15.15,43.7,44,52,0.143,0.545,0.0041,87,4080.00,SPXW230410P04080000,35.2,-18.95,33.8,34.1,89,0.1428,-0.4547,0.0041,17
Mon Apr 10 2023,SPXW230410C04085000,40,40,40.9,41.1,92,0.1422,0.5247,0.0041,0,4085.00,SPXW230410P04085000,38,38,35.9,36.2,60,0.1418,-0.4749,0.0041,0
Mon Apr 10 2023,SPXW230410C04090000,37.75,15.15,38.1,38.3,417,0.1412,0.5042,0.0042,247,4090.00,SPXW230410P04090000,40.8,-19.15,38.1,38.4,71,0.1408,-0.4955,0.0042,2
Mon Apr 10 2023,SPXW230410C04095000,34.15,34.15,35.4,35.7,30,0.1403,0.4834,0.0042,0,4095.00,SPXW230410P04095000,38.39,38.39,40.4,40.7,9,0.14,-0.5163,0.0042,0
Mon Apr 10 2023,SPXW230410C04100000,32.9,14.3,32.8,33.1,1187,0.1393,0.4623,0.0042,1774,4100.00,SPXW230410P04100000,45.6,-20.25,42.8,43.1,34,0.139,-0.5373,0.0042,13
Tue Apr 11 2023,SPXW230411C04075000,47.43,15.18,49.9,50.3,41,0.1479,0.5631,0.0037,529,4075.00,SPXW230411P04075000,35,-18.95,34.4,34.7,18,0.1475,-0.4366,0.0037,1
Tue Apr 11 2023,SPXW230411C04080000,47.84,18.34,46.9,47.2,27,0.1467,0.5447,0.0038,76,4080.00,SPXW230411P04080000,38.9,-17.6,36.4,36.7,29,0.1466,-0.455,0.0038,1
Tue Apr 11 2023,SPXW230411C04085000,43.5,15.9,44,44.3,19,0.1457,0.5259,0.0038,18,4085.00,SPXW230411P04085000,40.3,-18.95,38.5,38.8,5,0.1452,-0.4738,0.0038,0
Tue Apr 11 2023,SPXW230411C04090000,40.7,15.55,41.2,41.5,53,0.1448,0.5068,0.0039,33,4090.00,SPXW230411P04090000,40.65,-21.4,40.6,41,15,0.1443,-0.4929,0.0039,12
Tue Apr 11 2023,SPXW230411C04095000,38.1,38.1,38.5,38.8,17,0.1438,0.4874,0.0039,0,4095.00,SPXW230411P04095000,42.68,42.68,42.9,43.2,11,0.1434,-0.5123,0.0039,0
Tue Apr 11 2023,SPXW230411C04100000,33.92,12.67,35.8,36.1,248,0.1427,0.4678,0.0039,383,4100.00,SPXW230411P04100000,45.5,-22.65,45.3,45.6,218,0.1425,-0.5319,0.0039,23
Wed Apr 12 2023,SPXW230412C04075000,54.9,16.7,56.7,57,97,0.1638,0.5576,0.0032,321,4075.00,SPXW230412P04075000,41.55,-18.25,40.7,41,18,0.1635,-0.4421,0.0032,23
Wed Apr 12 2023,SPXW230412C04080000,55.33,19.08,53.7,54,45,0.1627,0.5416,0.0033,95,4080.00,SPXW230412P04080000,44.9,-17.45,42.7,43,24,0.1625,-0.4581,0.0033,14
Wed Apr 12 2023,SPXW230412C04085000,49.55,49.55,50.8,51.1,30,0.1617,0.5254,0.0033,0,4085.00,SPXW230412P04085000,45.65,45.65,44.8,45.1,4,0.1615,-0.4743,0.0033,0
Wed Apr 12 2023,SPXW230412C04090000,47.07,15.97,48,48.3,87,0.1608,0.5089,0.0033,139,4090.00,SPXW230412P04090000,55.63,-12.17,47,47.3,10,0.1603,-0.4908,0.0033,23
Wed Apr 12 2023,SPXW230412C04095000,44.05,44.05,45.2,45.5,20,0.1596,0.4922,0.0034,0,4095.00,SPXW230412P04095000,0,0,49.2,49.5,0,0.1594,-0.5075,0.0034,0
Wed Apr 12 2023,SPXW230412C04100000,41.61,14.61,42.6,42.9,662,0.1587,0.4753,0.0034,1544,4100.00,SPXW230412P04100000,51.13,-22.27,51.5,51.8,33,0.1583,-0.5244,0.0034,79
Thu Apr 13 2023,SPXW230413C04075000,50.05,8.45,59.7,60,18,0.1653,0.5587,0.0031,1060,4075.00,SPXW230413P04075000,42.65,-19.05,42.7,43,28,0.1652,-0.4413,0.0031,1
Thu Apr 13 2023,SPXW230413C04080000,56.3,17.8,56.7,57,14,0.1643,0.5435,0.0031,80,4080.00,SPXW230413P04080000,46.9,-17.25,44.7,45,62,0.164,-0.4564,0.0031,5
Thu Apr 13 2023,SPXW230413C04085000,50.68,50.68,53.7,54.1,11,0.1632,0.5281,0.0031,0,4085.00,SPXW230413P04085000,45.6,45.6,46.7,47.1,22,0.163,-0.4719,0.0031,0
Thu Apr 13 2023,SPXW230413C04090000,48.16,48.16,50.9,51.2,7,0.1622,0.5125,0.0032,0,4090.00,SPXW230413P04090000,55.8,55.8,48.9,49.2,10,0.1618,-0.4875,0.0032,0
Thu Apr 13 2023,SPXW230413C04095000,0,0,48.1,48.4,0,0.1611,0.4966,0.0032,0,4095.00,SPXW230413P04095000,0,0,51.1,51.4,0,0.1609,-0.5034,0.0032,0
Thu Apr 13 2023,SPXW230413C04100000,44.9,15.25,45.4,45.7,93,0.1601,0.4806,0.0032,458,4100.00,SPXW230413P04100000,52.3,-22.7,53.4,53.7,31,0.1599,-0.5194,0.0032,15
Fri Apr 14 2023,SPXW230414C04075000,61.93,18.08,62.3,62.6,66,0.1669,0.5578,0.0029,1969,4075.00,SPXW230414P04075000,45.15,-18.6,44.9,45.2,38,0.1667,-0.4421,0.0029,115
Fri Apr 14 2023,SPXW230414C04080000,57,15.65,59.3,59.6,203,0.1659,0.5433,0.003,500,4080.00,SPXW230414P04080000,49.26,-16.94,46.9,47.2,147,0.1655,-0.4566,0.003,110
Fri Apr 14 2023,SPXW230414C04085000,53.75,14.8,56.3,56.6,180,0.1647,0.5286,0.003,481,4085.00,SPXW230414P04085000,49.4,-19.4,48.9,49.2,113,0.1644,-0.4713,0.003,54
Fri Apr 14 2023,SPXW230414C04090000,50.7,14.1,53.4,53.7,36,0.1635,0.5137,0.003,660,4090.00,SPXW230414P04090000,52,-19.45,51,51.3,127,0.1635,-0.4863,0.003,83
Fri Apr 14 2023,SPXW230414C04095000,49.23,14.93,50.6,50.9,81,0.1625,0.4985,0.003,270,4095.00,SPXW230414P04095000,56,-18.15,53.2,53.5,14,0.1624,-0.5014,0.003,58
Fri Apr 14 2023,SPXW230414C04100000,47.8,15.75,47.9,48.2,339,0.1615,0.4832,0.0031,3243,4100.00,SPXW230414P04100000,56.6,-20.35,55.5,55.8,143,0.1613,-0.5168,0.0031,1037
Mon Apr 17 2023,SPXW230417C04075000,64.7,17.8,65.3,65.6,7,0.1591,0.5574,0.0028,51,4075.00,SPXW230417P04075000,47.47,-18.63,47.2,47.6,54,0.1589,-0.4423,0.0028,311
Mon Apr 17 2023,SPXW230417C04080000,61.9,18.15,62.2,62.6,99,0.1581,0.5437,0.0028,26,4080.00,SPXW230417P04080000,51,-17.4,49.2,49.5,39,0.158,-0.4561,0.0028,13
Mon Apr 17 2023,SPXW230417C04085000,56.35,56.35,59.3,59.6,6,0.1571,0.5296,0.0028,0,4085.00,SPXW230417P04085000,51.55,51.55,51.2,51.5,3,0.1569,-0.4701,0.0028,0
Mon Apr 17 2023,SPXW230417C04090000,55.41,16.46,56.4,56.7,9,0.1561,0.5154,0.0029,124,4090.00,SPXW230417P04090000,53.5,-20.15,53.3,53.6,16,0.1559,-0.4843,0.0029,402
Mon Apr 17 2023,SPXW230417C04095000,55.12,55.12,53.6,53.9,7,0.1552,0.501,0.0029,0,4095.00,SPXW230417P04095000,57.7,57.7,55.5,55.8,32,0.155,-0.4987,0.0029,0
Mon Apr 17 2023,SPXW230417C04100000,48.46,13.81,50.8,51.2,78,0.1542,0.4864,0.0029,816,4100.00,SPXW230417P04100000,58.23,-20.87,57.7,58.1,38,0.154,-0.5133,0.0029,324
Tue Apr 18 2023,SPXW230418C04075000,57.4,8.3,67.5,67.9,7,0.1601,0.5574,0.0027,8,4075.00,SPXW230418P04075000,65.94,0,48.9,49.3,0,0.1598,-0.4423,0.0027,10
Tue Apr 18 2023,SPXW230418C04080000,47.26,0,64.5,64.8,0,0.1591,0.5441,0.0027,35,4080.00,SPXW230418P04080000,0,0,50.9,51.2,0,0.1588,-0.4556,0.0027,0
Tue Apr 18 2023,SPXW230418C04085000,59.1,59.1,61.5,61.9,5,0.1582,0.5306,0.0028,0,4085.00,SPXW230418P04085000,0,0,52.9,53.2,0,0.1578,-0.4691,0.0028,0
Tue Apr 18 2023,SPXW230418C04090000,48.97,7.92,58.6,59,8,0.1572,0.5169,0.0028,25,4090.00,SPXW230418P04090000,82.04,0,55,55.3,0,0.1568,-0.4829,0.0028,2
Tue Apr 18 2023,SPXW230418C04095000,46.1,46.1,55.8,56.1,11,0.1562,0.503,0.0028,0,4095.00,SPXW230418P04095000,59.7,59.7,57.1,57.5,7,0.156,-0.4968,0.0028,0
Tue Apr 18 2023,SPXW230418C04100000,51.68,15.03,53,53.4,13,0.1552,0.4889,0.0028,172,4100.00,SPXW230418P04100000,126.86,0,59.4,59.7,0,0.1549,-0.5108,0.0028,0
Wed Apr 19 2023,SPXW230419C04075000,59.1,7.75,69.9,70.3,50,0.1617,0.5573,0.0026,698,4075.00,SPXW230419P04075000,51.77,-17.88,50.8,51.2,64,0.1614,-0.4424,0.0026,9
Wed Apr 19 2023,SPXW230419C04080000,44.64,0,66.9,67.2,0,0.1606,0.5445,0.0026,32,4080.00,SPXW230419P04080000,53.77,-17.78,52.8,53.1,10,0.1604,-0.4552,0.0026,4
Wed Apr 19 2023,SPXW230419C04085000,52.69,52.69,63.9,64.3,1,0.1597,0.5315,0.0026,0,4085.00,SPXW230419P04085000,53.9,53.9,54.8,55.1,2,0.1594,-0.4683,0.0026,0
Wed Apr 19 2023,SPXW230419C04090000,0,0,61,61.3,0,0.1587,0.5182,0.0027,0,4090.00,SPXW230419P04090000,57,57,56.8,57.2,12,0.1584,-0.4815,0.0027,0
Wed Apr 19 2023,SPXW230419C04095000,0,0,58.2,58.5,0,0.1577,0.5048,0.0027,0,4095.00,SPXW230419P04095000,0,0,59,59.3,0,0.1574,-0.4949,0.0027,0
Wed Apr 19 2023,SPXW230419C04100000,56.68,17.88,55.4,55.7,15,0.1567,0.4913,0.0027,707,4100.00,SPXW230419P04100000,70.44,-11.66,61.2,61.6,10,0.1565,-0.5084,0.0027,7
Thu Apr 20 2023,SPXW230420C04075000,70.11,16.51,72.9,73.2,16,0.1634,0.5592,0.0025,86,4075.00,SPXW230420P04075000,51.9,-18.75,52.4,52.8,4,0.1632,-0.4408,0.0025,0
Thu Apr 20 2023,SPXW230420C04080000,62.2,11.2,69.8,70.2,5,0.1625,0.5468,0.0025,8,4080.00,SPXW230420P04080000,55.02,-17.98,54.4,54.7,2,0.1622,-0.4532,0.0025,0
Thu Apr 20 2023,SPXW230420C04085000,67.13,67.13,66.8,67.2,3,0.1615,0.5343,0.0026,0,4085.00,SPXW230420P04085000,55.33,55.33,56.3,56.7,2,0.1612,-0.4657,0.0026,0
Thu Apr 20 2023,SPXW230420C04090000,64.03,18.03,63.9,64.2,147,0.1604,0.5216,0.0026,8,4090.00,SPXW230420P04090000,58.84,-19.11,58.4,58.8,260,0.1602,-0.4785,0.0026,0
Thu Apr 20 2023,SPXW230420C04095000,61.18,61.18,61,61.4,9,0.1595,0.5087,0.0026,0,4095.00,SPXW230420P04095000,0,0,60.5,60.9,0,0.1593,-0.4914,0.0026,0
Thu Apr 20 2023,SPXW230420C04100000,55.86,14.61,58.2,58.6,11,0.1585,0.4956,0.0026,142,4100.00,SPXW230420P04100000,84.09,0,62.7,63.1,0,0.1584,-0.5044,0.0026,71
Fri Apr 21 2023,SPXW230421C04080000,71.6,18.3,72.2,72.4,162,0.1637,0.5472,0.0024,514,4080.00,SPXW230421P04080000,58,-16.85,56.2,56.5,188,0.1635,-0.4529,0.0024,483
Fri Apr 21 2023,SPX230421C04085000,67.9,18.35,67.8,68.2,96,0.1605,0.5354,0.0025,673,4085.00,SPX230421P04085000,59.6,-16.85,56.9,57.3,49,0.1605,-0.4647,0.0025,97
Fri Apr 21 2023,SPXW230421C04085000,66.2,15.5,69.1,69.4,358,0.1626,0.5351,0.0025,288,4085.00,SPXW230421P04085000,59.4,-17.9,58.2,58.4,29,0.1626,-0.465,0.0025,287
Fri Apr 21 2023,SPX230421C04090000,66.2,19.4,64.9,65.3,29,0.1596,0.5229,0.0026,1057,4090.00,SPX230421P04090000,61,-18.3,59,59.4,52,0.1596,-0.4772,0.0026,442
Fri Apr 21 2023,SPXW230421C04090000,65.96,17.71,66.2,66.5,129,0.1618,0.5228,0.0025,397,4090.00,SPXW230421P04090000,62.4,-17.35,60.2,60.5,44,0.1615,-0.4773,0.0025,306
Fri Apr 21 2023,SPX230421C04095000,60.44,15.79,62,62.4,35,0.1586,0.5102,0.0026,703,4095.00,SPX230421P04095000,83.08,0,61.1,61.5,0,0.1586,-0.49,0.0026,252
Mon Apr 24 2023,SPXW230424C04075000,77.86,19.61,77.6,78,1,0.1594,0.5587,0.0024,1085,4075.00,SPXW230424P04075000,55,-19.15,56.2,56.6,10,0.1594,-0.4411,0.0024,13
Mon Apr 24 2023,SPXW230424C04080000,54.3,0,74.5,75,0,0.1584,0.5472,0.0024,1,4080.00,SPXW230424P04080000,60,-16.7,58.1,58.5,12,0.1584,-0.4527,0.0024,0
Mon Apr 24 2023,SPXW230424C04085000,0,0,71.5,71.9,0,0.1575,0.5354,0.0024,0,4085.00,SPXW230424P04085000,0,0,60.1,60.5,0,0.1574,-0.4644,0.0024,0
Mon Apr 24 2023,SPXW230424C04090000,68.25,17.85,68.6,69,2,0.1567,0.5235,0.0024,13,4090.00,SPXW230424P04090000,0,0,62.1,62.5,0,0.1565,-0.4763,0.0024,0
Mon Apr 24 2023,SPXW230424C04095000,0,0,65.7,66.1,0,0.1557,0.5115,0.0024,0,4095.00,SPXW230424P04095000,63,63,64.2,64.6,2,0.1556,-0.4883,0.0024,0
Mon Apr 24 2023,SPXW230424C04100000,61.52,15.97,62.9,63.3,34,0.1549,0.4993,0.0024,355,4100.00,SPXW230424P04100000,67.4,-19.25,66.4,66.8,42,0.1546,-0.5005,0.0024,18
Tue Apr 25 2023,SPXW230425C04075000,79.48,19.18,79.7,80.1,8,0.1606,0.5586,0.0023,18,4075.00,SPXW230425P04075000,125.77,0,57.8,58.2,0,0.1604,-0.4412,0.0023,4
Tue Apr 25 2023,SPXW230425C04080000,0,0,76.6,77,0,0.1596,0.5474,0.0023,0,4080.00,SPXW230425P04080000,0,0,59.7,60.1,0,0.1595,-0.4525,0.0023,0
Tue Apr 25 2023,SPXW230425C04085000,0,0,73.6,74,0,0.1587,0.536,0.0023,0,4085.00,SPXW230425P04085000,63,63,61.7,62.1,1,0.1585,-0.4639,0.0023,0
Tue Apr 25 2023,SPXW230425C04090000,0,0,70.6,71,0,0.1577,0.5244,0.0024,0,4090.00,SPXW230425P04090000,0,0,63.7,64.1,0,0.1576,-0.4754,0.0024,0
Tue Apr 25 2023,SPXW230425C04095000,0,0,67.7,68.1,0,0.1568,0.5127,0.0024,0,4095.00,SPXW230425P04095000,0,0,65.8,66.2,0,0.1566,-0.4872,0.0024,0
Tue Apr 25 2023,SPXW230425C04100000,55.86,8.31,64.9,65.3,2,0.1559,0.5008,0.0024,15,4100.00,SPXW230425P04100000,74.18,-14.02,67.9,68.3,3,0.1557,-0.499,0.0024,4
Wed Apr 26 2023,SPXW230426C04075000,81.07,18.62,81.9,82.3,65,0.1619,0.5588,0.0022,911,4075.00,SPXW230426P04075000,58.8,-18.55,59.5,59.9,4,0.1618,-0.441,0.0022,18
Wed Apr 26 2023,SPXW230426C04080000,0,0,78.8,79.2,0,0.1609,0.5479,0.0022,0,4080.00,SPXW230426P04080000,0,0,61.4,61.8,0,0.1608,-0.452,0.0022,0
Wed Apr 26 2023,SPXW230426C04085000,0,0,75.8,76.2,0,0.16,0.5368,0.0023,0,4085.00,SPXW230426P04085000,0,0,63.3,63.7,0,0.1599,-0.4631,0.0023,0
Wed Apr 26 2023,SPXW230426C04090000,0,0,72.8,73.2,0,0.159,0.5256,0.0023,0,4090.00,SPXW230426P04090000,64.65,64.65,65.3,65.7,2,0.1589,-0.4743,0.0023,0
Wed Apr 26 2023,SPXW230426C04095000,0,0,69.9,70.3,0,0.1581,0.5142,0.0023,0,4095.00,SPXW230426P04095000,0,0,67.4,67.8,0,0.158,-0.4857,0.0023,0
Wed Apr 26 2023,SPXW230426C04100000,65.6,16.05,67.1,67.5,2,0.1573,0.5026,0.0023,139,4100.00,SPXW230426P04100000,131.69,0,69.5,69.9,0,0.157,-0.4972,0.0023,5
Thu Apr 27 2023,SPXW230427C04075000,75.23,10.13,84.7,85.2,2,0.1636,0.5609,0.0022,25,4075.00,SPXW230427P04075000,62.83,-15.92,60.9,61.3,17,0.1635,-0.4392,0.0022,14
Thu Apr 27 2023,SPXW230427C04080000,76.2,76.2,81.6,82.1,7,0.1626,0.5503,0.0022,0,4080.00,SPXW230427P04080000,0,0,62.7,63.1,0,0.1625,-0.4498,0.0022,0
Thu Apr 27 2023,SPXW230427C04085000,68.3,68.3,78.6,79,7,0.1616,0.5395,0.0022,0,4085.00,SPXW230427P04085000,0,0,64.7,65.1,0,0.1616,-0.4606,0.0022,0
Thu Apr 27 2023,SPXW230427C04090000,77.2,77.2,75.6,76,8,0.1607,0.5286,0.0022,0,4090.00,SPXW230427P04090000,0,0,66.7,67.1,0,0.1606,-0.4715,0.0022,0
Thu Apr 27 2023,SPXW230427C04095000,0,0,72.6,73.1,0,0.1597,0.5176,0.0022,0,4095.00,SPXW230427P04095000,0,0,68.7,69.1,0,0.1596,-0.4825,0.0022,0
Thu Apr 27 2023,SPXW230427C04100000,67.3,15.1,69.8,70.2,1,0.1587,0.5064,0.0022,27,4100.00,SPXW230427P04100000,72.9,-17.85,70.8,71.2,19,0.1587,-0.4937,0.0022,7
Fri Apr 28 2023,SPXW230428C04075000,85.7,17.65,87.6,87.9,45,0.1669,0.5594,0.0021,1038,4075.00,SPXW230428P04075000,64,-17.55,63.7,64,383,0.1666,-0.4407,0.0021,338
Fri Apr 28 2023,SPXW230428C04080000,82.95,17.55,84.5,84.8,124,0.1658,0.5492,0.0021,325,4080.00,SPXW230428P04080000,67.4,-16.45,65.6,65.9,133,0.1657,-0.4509,0.0021,97
Fri Apr 28 2023,SPXW230428C04085000,78.97,16.27,81.5,81.8,15,0.165,0.5389,0.0021,132,4085.00,SPXW230428P04085000,69.31,-16.84,67.5,67.8,157,0.1647,-0.4612,0.0021,51
Fri Apr 28 2023,SPXW230428C04090000,75.5,15.45,78.5,78.8,39,0.164,0.5284,0.0021,378,4090.00,SPXW230428P04090000,70.68,-17.82,69.5,69.8,103,0.1638,-0.4717,0.0021,100
Fri Apr 28 2023,SPXW230428C04095000,76.6,19.05,75.5,75.8,22,0.163,0.5178,0.0022,306,4095.00,SPXW230428P04095000,71.07,-19.83,71.5,71.8,10,0.1629,-0.4823,0.0022,11
Fri Apr 28 2023,SPXW230428C04100000,71,16.05,72.6,72.9,485,0.1621,0.507,0.0022,4200,4100.00,SPXW230428P04100000,73.8,-19.65,73.6,73.9,521,0.1619,-0.4931,0.0022,528
Mon May 01 2023,SPXW230501C04070000,91,17.95,93,93.5,4,0.1639,0.5691,0.002,0,4070.00,SPXW230501P04070000,63.88,-17.17,63.6,64,17,0.1639,-0.4307,0.002,2
Mon May 01 2023,SPXW230501C04075000,90.26,20.01,89.9,90.4,2,0.163,0.5593,0.002,0,4075.00,SPXW230501P04075000,67.35,-15.95,65.4,65.8,31,0.1629,-0.4405,0.002,3
Mon May 01 2023,SPXW230501C04080000,87.22,19.72,86.8,87.3,6,0.162,0.5494,0.002,0,4080.00,SPXW230501P04080000,69.5,-16,67.3,67.7,5,0.162,-0.4505,0.002,0
Mon May 01 2023,SPXW230501C04090000,81.23,19.03,80.7,81.2,10,0.1602,0.5291,0.0021,0,4090.00,SPXW230501P04090000,72.48,-17.92,71.2,71.6,5,0.1601,-0.4707,0.0021,0
Mon May 01 2023,SPXW230501C04100000,75.28,18.13,74.9,75.3,5,0.1584,0.5084,0.0021,5,4100.00,SPXW230501P04100000,78.13,-16.97,75.3,75.7,16,0.1583,-0.4915,0.0021,4
Mon May 01 2023,SPXW230501C04110000,62.58,62.58,69.2,69.7,2,0.1566,0.4871,0.0021,0,4110.00,SPXW230501P04110000,79.78,79.78,79.6,80,1,0.1564,-0.5127,0.0021,0
Tue May 02 2023,SPXW230502C04070000,0,0,95.1,95.6,0,0.1651,0.569,0.002,0,4070.00,SPXW230502P04070000,0,0,65,65.5,0,0.1648,-0.4308,0.002,0
Tue May 02 2023,SPXW230502C04075000,90.6,90.6,91.9,92.4,2,0.1642,0.5594,0.002,0,4075.00,SPXW230502P04075000,0,0,66.9,67.3,0,0.1639,-0.4404,0.002,0
Tue May 02 2023,SPXW230502C04080000,88.76,88.76,88.8,89.3,3,0.1632,0.5497,0.002,0,4080.00,SPXW230502P04080000,0,0,68.7,69.2,0,0.163,-0.4501,0.002,0
Tue May 02 2023,SPXW230502C04090000,0,0,82.7,83.2,0,0.1613,0.5299,0.002,0,4090.00,SPXW230502P04090000,0,0,72.6,73.1,0,0.1611,-0.4699,0.002,0
Tue May 02 2023,SPXW230502C04100000,68.66,68.66,76.9,77.3,5,0.1596,0.5096,0.0021,0,4100.00,SPXW230502P04100000,0,0,76.7,77.2,0,0.1593,-0.4902,0.0021,0
Tue May 02 2023,SPXW230502C04110000,0,0,71.2,71.7,0,0.1578,0.4888,0.0021,0,4110.00,SPXW230502P04110000,89.3,89.3,81,81.5,7,0.1575,-0.511,0.0021,0
Fri May 05 2023,SPXW230505C04075000,102.36,19.86,103.1,103.5,4,0.1765,0.5598,0.0018,92,4075.00,SPXW230505P04075000,78.14,-14.51,75.6,75.9,6,0.1764,-0.4404,0.0018,49
Fri May 05 2023,SPXW230505C04080000,100.75,21,100,100.4,24,0.1756,0.5512,0.0018,57,4080.00,SPXW230505P04080000,80.4,-14.4,77.4,77.8,2,0.1754,-0.449,0.0018,20
Fri May 05 2023,SPXW230505C04085000,89.33,12.13,96.9,97.3,1,0.1747,0.5425,0.0018,31,4085.00,SPXW230505P04085000,80.1,-16.95,79.3,79.7,16,0.1745,-0.4578,0.0018,22
Fri May 05 2023,SPXW230505C04090000,92.57,18.22,93.9,94.3,56,0.1738,0.5336,0.0018,90,4090.00,SPXW230505P04090000,81.3,-18,81.3,81.7,13,0.1736,-0.4666,0.0018,66
Fri May 05 2023,SPXW230505C04095000,88.6,16.95,90.9,91.3,16,0.1729,0.5247,0.0018,24,4095.00,SPXW230505P04095000,85.32,-16.33,83.3,83.7,10,0.1727,-0.4756,0.0018,2
Fri May 05 2023,SPXW230505C04100000,86.6,17.5,88,88.4,333,0.172,0.5157,0.0018,2182,4100.00,SPXW230505P04100000,87.38,-16.67,85.3,85.7,12,0.1718,-0.4846,0.0018,70
Fri May 12 2023,SPXW230512C04075000,112.3,20.1,112.8,113.3,12,0.1777,0.5588,0.0016,58,4075.00,SPXW230512P04075000,84.7,-16.15,83.9,84.3,6,0.1776,-0.4416,0.0016,142
Fri May 12 2023,SPXW230512C04080000,104.5,15.25,109.7,110.2,4,0.1769,0.5509,0.0016,24,4080.00,SPXW230512P04080000,86.83,-16.32,85.7,86.1,36,0.1766,-0.4494,0.0016,92
Fri May 12 2023,SPXW230512C04085000,100.8,14.25,106.6,107.1,6,0.176,0.543,0.0016,20,4085.00,SPXW230512P04085000,89.49,-15.71,87.6,88,15,0.1757,-0.4574,0.0016,0
Fri May 12 2023,SPXW230512C04090000,103.69,19.84,103.6,104,2,0.1751,0.535,0.0016,32,4090.00,SPXW230512P04090000,114.85,0,89.5,90,0,0.1749,-0.4654,0.0016,40
Fri May 12 2023,SPXW230512C04095000,85.3,0,100.6,101,0,0.1742,0.5269,0.0016,7,4095.00,SPXW230512P04095000,91,-18.8,91.5,92,5,0.174,-0.4735,0.0016,5
Fri May 12 2023,SPXW230512C04100000,96.77,18.22,97.6,98.1,34,0.1734,0.5187,0.0016,165,4100.00,SPXW230512P04100000,94.25,-17.85,93.5,94,9,0.1732,-0.4816,0.0016,44
Fri May 19 2023,SPXW230519C04080000,118.2,20.75,117.9,118.3,36,0.1759,0.5522,0.0015,241,4080.00,SPXW230519P04080000,94.7,-14.45,92,92.4,5,0.1757,-0.4484,0.0015,156
Fri May 19 2023,SPX230519C04085000,111.97,18.22,114,114.5,7,0.1742,0.5449,0.0015,85,4085.00,SPX230519P04085000,95.3,-15.1,93,93.5,2,0.174,-0.4555,0.0015,12
Fri May 19 2023,SPXW230519C04085000,113.3,18.7,114.8,115.2,52,0.175,0.5448,0.0015,815,4085.00,SPXW230519P04085000,94,-17.25,93.9,94.2,18,0.1749,-0.4558,0.0015,120
Fri May 19 2023,SPX230519C04090000,113.2,22.2,110.9,111.4,213,0.1733,0.5374,0.0015,160,4090.00,SPX230519P04090000,94.57,-18.03,94.9,95.5,6,0.1732,-0.463,0.0015,168
Fri May 19 2023,SPXW230519C04090000,111.55,19.65,111.7,112.1,19,0.1742,0.5374,0.0015,350,4090.00,SPXW230519P04090000,96.24,-17.26,95.8,96.1,5,0.1741,-0.4632,0.0015,237
Fri May 19 2023,SPX230519C04095000,105.63,17.43,107.9,108.4,215,0.1725,0.5298,0.0015,296,4095.00,SPX230519P04095000,103.75,-11.05,96.8,97.4,18,0.1723,-0.4706,0.0015,269
Fri May 26 2023,SPXW230526C04075000,109.1,0,130.1,130.7,0,0.1767,0.5626,0.0014,31,4075.00,SPXW230526P04075000,111.8,0,95.6,96.1,0,0.1766,-0.4381,0.0014,17
Fri May 26 2023,SPXW230526C04080000,127.3,21,127,127.5,5,0.1759,0.5558,0.0014,22,4080.00,SPXW230526P04080000,98.76,-15.64,97.4,97.9,1,0.1758,-0.4449,0.0014,29
Fri May 26 2023,SPXW230526C04085000,117.9,117.9,123.9,124.4,2,0.175,0.549,0.0014,0,4085.00,SPXW230526P04085000,99.7,99.7,99.2,99.7,23,0.175,-0.4518,0.0014,0
Fri May 26 2023,SPXW230526C04090000,118.9,18.25,120.8,121.3,1,0.1742,0.542,0.0014,71,4090.00,SPXW230526P04090000,160.8,0,101.1,101.6,0,0.1741,-0.4587,0.0014,19
Fri May 26 2023,SPXW230526C04095000,0,0,117.7,118.3,0,0.1734,0.535,0.0014,0,4095.00,SPXW230526P04095000,110.4,110.4,103,103.5,11,0.1733,-0.4658,0.0014,0
Fri May 26 2023,SPXW230526C04100000,115.1,19.95,114.7,115.2,21,0.1726,0.5279,0.0014,79,4100.00,SPXW230526P04100000,104.7,-18.55,104.9,105.4,36,0.1725,-0.4728,0.0014,24
Wed May 31 2023,SPXW230531C04075000,123.2,11.1,133.3,133.7,1,0.1741,0.5618,0.0014,113,4075.00,SPXW230531P04075000,104.2,-11.1,98.5,99,19,0.1739,-0.4386,0.0014,148
Wed May 31 2023,SPXW230531C04080000,126,16.75,130.1,130.6,9,0.1733,0.5552,0.0014,828,4080.00,SPXW230531P04080000,102.59,-14.76,100.3,100.8,9,0.1731,-0.4452,0.0014,37
Wed May 31 2023,SPXW230531C04085000,106,0,127,127.4,0,0.1724,0.5485,0.0014,144,4085.00,SPXW230531P04085000,104.9,-14.45,102.2,102.6,8,0.1722,-0.4519,0.0014,144
Wed May 31 2023,SPXW230531C04090000,124.05,20.45,123.9,124.3,1,0.1716,0.5417,0.0014,111,4090.00,SPXW230531P04090000,104,-17.45,104,104.5,20,0.1715,-0.4586,0.0014,87
Wed May 31 2023,SPXW230531C04095000,102.65,0,120.8,121.3,0,0.1708,0.5349,0.0014,21,4095.00,SPXW230531P04095000,174.34,0,105.9,106.4,0,0.1707,-0.4655,0.0014,43
Wed May 31 2023,SPXW230531C04100000,117.57,19.47,117.8,118.2,4,0.17,0.528,0.0014,4881,4100.00,SPXW230531P04100000,111,-14.85,107.9,108.3,10,0.1698,-0.4724,0.0014,530
Fri Jun 02 2023,SPXW230602C04070000,139.26,19.96,140.6,141.1,2,0.1771,0.5692,0.0013,2,4070.00,SPXW230602P04070000,122.7,0,99.5,100.1,0,0.177,-0.4315,0.0013,32
Fri Jun 02 2023,SPXW230602C04075000,137.86,21.66,137.4,137.9,5,0.1762,0.5628,0.0013,0,4075.00,SPXW230602P04075000,102.13,-15.87,101.3,101.8,7,0.1763,-0.4379,0.0013,0
Fri Jun 02 2023,SPXW230602C04080000,134.77,21.37,134.2,134.8,34,0.1755,0.5564,0.0013,35,4080.00,SPXW230602P04080000,108.9,-11.15,103.1,103.6,10,0.1754,-0.4443,0.0013,14
Fri Jun 02 2023,SPXW230602C04090000,128.63,21.03,127.9,128.5,6,0.1739,0.5433,0.0013,81,4090.00,SPXW230602P04090000,142.1,0,106.7,107.3,0,0.1738,-0.4573,0.0013,9
Fri Jun 02 2023,SPXW230602C04100000,122.43,20.38,121.8,122.4,2,0.1723,0.53,0.0014,182,4100.00,SPXW230602P04100000,110.89,-17.76,110.5,111.1,2,0.1722,-0.4706,0.0014,1
Fri Jun 02 2023,SPXW230602C04110000,116.45,19.7,115.9,116.5,13,0.1707,0.5165,0.0014,31,4110.00,SPXW230602P04110000,137.94,0,114.5,115.1,0,0.1707,-0.4842,0.0014,1
Fri Jun 09 2023,SPXW230609C04070000,149.05,22,148.8,149.4,2,0.1775,0.5711,0.0012,53,4070.00,SPXW230609P04070000,106.4,-14.55,104.6,105.2,47,0.1773,-0.4296,0.0012,63
Fri Jun 09 2023,SPXW230609C04075000,145.93,21.88,145.6,146.2,8,0.1767,0.5651,0.0012,41,4075.00,SPXW230609P04075000,108.2,-14.65,106.3,106.9,13,0.1764,-0.4357,0.0012,102
Fri Jun 09 2023,SPXW230609C04080000,135.4,14.15,142.4,143,22,0.1759,0.559,0.0012,534,4080.00,SPXW230609P04080000,109.2,-15.6,108.1,108.7,18,0.1757,-0.4417,0.0012,46
Fri Jun 09 2023,SPXW230609C04090000,126.15,10.7,136.1,136.7,20,0.1743,0.5467,0.0013,26,4090.00,SPXW230609P04090000,113,-16,111.7,112.3,17,0.1741,-0.4541,0.0013,189
Fri Jun 09 2023,SPXW230609C04100000,120.2,10.4,130,130.6,9,0.1727,0.5341,0.0013,31,4100.00,SPXW230609P04100000,117,-16.25,115.5,116.1,29,0.1726,-0.4666,0.0013,95
Fri Jun 09 2023,SPXW230609C04125000,114.7,18.45,115.2,115.8,63,0.1689,0.5017,0.0013,68,4125.00,SPXW230609P04125000,124.96,-19.54,125.4,126,34,0.1687,-0.4991,0.0013,5
Fri Jun 16 2023,SPX230616C04080000,151.33,19.53,153.1,153.7,1,0.1813,0.5593,0.0012,5295,4080.00,SPX230616P04080000,118.7,-13.8,116.2,116.6,1,0.1798,-0.4414,0.0012,5231
Fri Jun 16 2023,SPXW230616C04080000,153.9,21.5,153.9,154.2,1,0.1818,0.5594,0.0012,300,4080.00,SPXW230616P04080000,118.9,-14.2,116.9,117.2,5,0.1805,-0.4413,0.0012,128
Fri Jun 16 2023,SPX230616C04085000,149.57,20.72,149.9,150.5,8,0.1805,0.5536,0.0012,1144,4085.00,SPX230616P04085000,118.72,-15.78,117.9,118.4,1,0.179,-0.4471,0.0012,1054
Fri Jun 16 2023,SPX230616C04090000,146.47,20.47,146.8,147.3,239,0.1798,0.5478,0.0012,227,4090.00,SPX230616P04090000,127.5,-9.05,119.7,120.2,231,0.1782,-0.4529,0.0012,343
Fri Jun 16 2023,SPXW230616C04090000,148.35,21.75,147.6,147.9,200,0.1802,0.548,0.0012,352,4090.00,SPXW230616P04090000,125.2,-12.1,120.5,120.8,2,0.1789,-0.4528,0.0012,40
Fri Jun 16 2023,SPX230616C04095000,141,17.9,143.7,144.2,954,0.179,0.542,0.0012,429,4095.00,SPX230616P04095000,122.24,-16.51,121.6,122,939,0.1774,-0.4587,0.0012,57
Fri Jun 30 2023,SPXW230630C04075000,169.87,19.57,171.9,172.5,1,0.1822,0.57,0.0011,499,4075.00,SPXW230630P04075000,179.04,0,123.7,124.3,0,0.1816,-0.431,0.0011,180
Fri Jun 30 2023,SPXW230630C04080000,162.9,15.6,168.7,169.3,3,0.1815,0.5648,0.0011,36,4080.00,SPXW230630P04080000,161.6,0,125.5,126,0,0.1809,-0.4362,0.0011,32
Fri Jun 30 2023,SPXW230630C04085000,164.2,19.9,165.5,166.1,1,0.1808,0.5596,0.0011,17,4085.00,SPXW230630P04085000,132,-11.7,127.2,127.8,1,0.1802,-0.4414,0.0011,92
Fri Jun 30 2023,SPXW230630C04090000,162.04,20.74,162.3,162.9,2,0.18,0.5543,0.0011,83,4090.00,SPXW230630P04090000,158.4,0,129,129.6,0,0.1794,-0.4467,0.0011,51
Fri Jun 30 2023,SPXW230630C04095000,158.6,20.2,159.2,159.8,8,0.1792,0.549,0.0011,100,4095.00,SPXW230630P04095000,151.8,0,130.8,131.3,0,0.1786,-0.452,0.0011,65
Fri Jun 30 2023,SPXW230630C04100000,156,20.55,156.1,156.7,11,0.1785,0.5437,0.0011,3494,4100.00,SPXW230630P04100000,135.3,-14.5,132.6,133.2,5,0.1779,-0.4573,0.0011,3984
Fri Jul 21 2023,SPXW230721C04075000,188.93,15.83,194.6,195.1,2,0.1844,0.5754,0.0009,223,4075.00,SPXW230721P04075000,138.1,-16,137.8,138.4,188,0.1846,-0.4258,0.0009,107
Fri Jul 21 2023,SPX230721C04080000,151.92,0,190.7,191.6,0,0.1834,0.5707,0.001,136,4080.00,SPX230721P04080000,139.96,-15.34,138.9,139.6,1,0.1833,-0.4305,0.001,99
Fri Jul 21 2023,SPXW230721C04080000,134.26,0,191.3,191.9,0,0.1838,0.5708,0.001,253,4080.00,SPXW230721P04080000,142.08,-14.02,139.5,140.1,189,0.1839,-0.4304,0.0009,62
Fri Jul 21 2023,SPX230721C04090000,147.1,0,184.3,185.2,0,0.1821,0.5614,0.001,235,4090.00,SPX230721P04090000,211.7,0,142.4,143.1,0,0.182,-0.4398,0.001,190
Fri Jul 21 2023,SPXW230721C04090000,147.7,0,185,185.5,0,0.1824,0.5616,0.001,190,4090.00,SPXW230721P04090000,148.6,-11.25,143,143.6,56,0.1825,-0.4396,0.001,42
Fri Jul 21 2023,SPX230721C04100000,175.76,18.06,178,178.8,164,0.1808,0.552,0.001,6581,4100.00,SPX230721P04100000,147.94,-15.16,145.9,146.7,768,0.1806,-0.4492,0.001,5870
Mon Jul 31 2023,SPXW230731C04070000,170.61,0,207.8,208.6,0,0.1865,0.5809,0.0009,132,4070.00,SPXW230731P04070000,189.8,0,142.7,143.4,0,0.1864,-0.4199,0.0009,22
Mon Jul 31 2023,SPXW230731C04075000,181.46,0,204.6,205.3,0,0.1859,0.5766,0.0009,306,4075.00,SPXW230731P04075000,144.85,-15.85,144.4,145.1,102,0.1858,-0.4242,0.0009,62
Mon Jul 31 2023,SPXW230731C04080000,157.73,0,201.4,202.1,0,0.1852,0.5722,0.0009,75,4080.00,SPXW230731P04080000,179.5,0,146.1,146.8,0,0.1851,-0.4286,0.0009,76
Mon Jul 31 2023,SPXW230731C04090000,196.1,22.25,195,195.8,1,0.1839,0.5635,0.0009,34,4090.00,SPXW230731P04090000,200.13,0,149.6,150.3,0,0.1839,-0.4374,0.0009,63
Mon Jul 31 2023,SPXW230731C04100000,189.2,21.2,188.7,189.5,3,0.1826,0.5546,0.0009,853,4100.00,SPXW230731P04100000,157.28,-12.92,153.1,153.8,2,0.1824,-0.4463,0.0009,15
Mon Jul 31 2023,SPXW230731C04110000,147.95,0,182.5,183.3,0,0.1813,0.5455,0.0009,60,4110.00,SPXW230731P04110000,182.27,0,156.8,157.5,0,0.1813,-0.4553,0.0009,23
Fri Aug 18 2023,SPXW230818C04075000,158.25,0,223.5,224.2,0,0.1894,0.5796,0.0008,50,4075.00,SPXW230818P04075000,189.54,0,157,157.6,0,0.1893,-0.4217,0.0008,12
Fri Aug 18 2023,SPX230818C04080000,214.04,15.79,219.6,220.7,2,0.1884,0.5756,0.0008,108,4080.00,SPX230818P04080000,231.72,0,158.1,158.9,0,0.1884,-0.4256,0.0008,84
Fri Aug 18 2023,SPXW230818C04080000,196.2,0,220.3,221,0,0.1888,0.5756,0.0008,5,4080.00,SPXW230818P04080000,0,0,158.7,159.4,0,0.1888,-0.4256,0.0008,0
Fri Aug 18 2023,SPX230818C04090000,195.22,0,213.2,214.4,0,0.1873,0.5676,0.0008,96,4090.00,SPX230818P04090000,244.53,0,161.5,162.4,0,0.1871,-0.4337,0.0008,89
Fri Aug 18 2023,SPXW230818C04090000,150.8,0,214,214.7,0,0.1875,0.5676,0.0008,93,4090.00,SPXW230818P04090000,207.09,0,162.2,162.8,0,0.1875,-0.4337,0.0008,1
Fri Aug 18 2023,SPX230818C04100000,202.7,16.75,207,208.1,54,0.186,0.5594,0.0008,1931,4100.00,SPX230818P04100000,171.8,-10.5,165.1,166,52,0.186,-0.4419,0.0008,3235
Thu Aug 31 2023,SPXW230831C04070000,193.3,0,238.7,239.7,0,0.191,0.586,0.0008,10,4070.00,SPXW230831P04070000,193.85,0,162.1,163.1,0,0.1908,-0.4154,0.0008,38
Thu Aug 31 2023,SPXW230831C04075000,191.8,0,235.5,236.4,0,0.1904,0.5823,0.0008,87,4075.00,SPXW230831P04075000,164.65,-15.7,163.8,164.8,102,0.1903,-0.4191,0.0008,22
Thu Aug 31 2023,SPXW230831C04080000,224.2,13.4,232.3,233.2,1,0.1898,0.5785,0.0008,49,4080.00,SPXW230831P04080000,224.76,0,165.5,166.5,0,0.1897,-0.4229,0.0008,29
Thu Aug 31 2023,SPXW230831C04090000,205.5,0,225.9,227,0,0.1887,0.5709,0.0008,70,4090.00,SPXW230831P04090000,171.9,-13.95,169,169.9,10,0.1885,-0.4305,0.0008,0
Thu Aug 31 2023,SPXW230831C04100000,222.6,23.75,219.7,220.6,2,0.1875,0.5631,0.0008,78,4100.00,SPXW230831P04100000,178.18,-11.52,172.5,173.4,2,0.1873,-0.4383,0.0008,2
Thu Aug 31 2023,SPXW230831C04110000,182.24,0,213.5,214.4,0,0.1863,0.5553,0.0008,11,4110.00,SPXW230831P04110000,0,0,176.1,177,0,0.1862,-0.4461,0.0008,0
Fri Sep 15 2023,SPX230915C04070000,227.35,0,251.3,252.3,0,0.1919,0.5879,0.0007,237,4070.00,SPX230915P04070000,220,0,170.1,170.9,0,0.1919,-0.4134,0.0007,50
Fri Sep 15 2023,SPX230915C04075000,246.22,20.02,248.1,249.1,3,0.1914,0.5843,0.0007,2683,4075.00,SPX230915P04075000,180.78,-6.77,171.8,172.6,20,0.1914,-0.417,0.0007,768
Fri Sep 15 2023,SPX230915C04080000,209.7,0,244.9,245.9,0,0.1908,0.5807,0.0007,47,4080.00,SPX230915P04080000,176.32,-13.03,173.5,174.3,1,0.1908,-0.4206,0.0007,0
Fri Sep 15 2023,SPX230915C04090000,203.74,0,238.6,239.6,0,0.1897,0.5735,0.0008,2,4090.00,SPX230915P04090000,0,0,176.9,177.7,0,0.1897,-0.4278,0.0008,0
Fri Sep 15 2023,SPX230915C04100000,230.6,19.5,232.3,233.3,902,0.1886,0.5662,0.0008,13180,4100.00,SPX230915P04100000,184.1,-12.85,180.4,181.2,801,0.1886,-0.4351,0.0008,12130
Fri Sep 15 2023,SPX230915C04110000,175.8,0,226.2,227,0,0.1875,0.5587,0.0008,25,4110.00,SPX230915P04110000,192.76,-7.94,184,184.8,2,0.1874,-0.4425,0.0008,46
Fri Sep 29 2023,SPXW230929C04025000,284.41,13.06,294.7,295.8,2,0.199,0.6197,0.0007,51,4025.00,SPXW230929P04025000,166.21,-12.29,163.8,164.9,36,0.199,-0.3814,0.0007,983
Fri Sep 29 2023,SPXW230929C04050000,274.12,18.62,278.2,279.2,10,0.1962,0.6035,0.0007,513,4050.00,SPXW230929P04050000,179.7,-7.15,171.6,172.7,1,0.1962,-0.3976,0.0007,327
Fri Sep 29 2023,SPXW230929C04075000,255.64,15.74,261.9,263,1,0.1935,0.5868,0.0007,167,4075.00,SPXW230929P04075000,181.2,-14.5,179.8,180.8,1,0.1935,-0.4143,0.0007,48
Fri Sep 29 2023,SPXW230929C04100000,244.01,19.31,246.1,247.3,710,0.1908,0.5696,0.0007,1064,4100.00,SPXW230929P04100000,194.98,-9.92,188.3,189.4,500,0.1907,-0.4314,0.0007,406
Fri Sep 29 2023,SPXW230929C04125000,226.97,16.92,230.6,231.7,3,0.1881,0.5519,0.0007,98,4125.00,SPXW230929P04125000,218.42,0,197.2,198.3,0,0.188,-0.4491,0.0007,177
Fri Sep 29 2023,SPXW230929C04150000,215.6,19.85,215.6,216.8,6,0.1854,0.5337,0.0008,205,4150.00,SPXW230929P04150000,226.9,0,206.6,207.7,0,0.1852,-0.4673,0.0008,144
Fri Oct 20 2023,SPX231020C04025000,286.66,0,312.4,314.2,0,0.2002,0.6218,0.0006,620,4025.00,SPX231020P04025000,178.6,-8.65,173.4,174.5,103,0.2001,-0.3795,0.0006,411
Fri Oct 20 2023,SPX231020C04050000,297.05,23.6,295.9,297.7,62,0.1975,0.6066,0.0006,1348,4050.00,SPX231020P04050000,186.6,-9,181.2,182.3,46,0.1976,-0.3947,0.0006,1558
Fri Oct 20 2023,SPX231020C04075000,281.97,24.22,279.6,281.4,17,0.1949,0.591,0.0007,352,4075.00,SPX231020P04075000,198.18,-6.02,189.3,190.4,20,0.1949,-0.4103,0.0007,183
Fri Oct 20 2023,SPX231020C04100000,262.94,20.49,263.8,265.4,534,0.1923,0.5748,0.0007,1340,4100.00,SPX231020P04100000,204,-9.3,197.7,198.8,501,0.1922,-0.4264,0.0007,810
Fri Oct 20 2023,SPX231020C04125000,250.63,22.98,248.5,249.8,4,0.1897,0.5583,0.0007,135,4125.00,SPX231020P04125000,207.52,-15.28,206.5,207.6,2,0.1896,-0.443,0.0007,141
Fri Oct 20 2023,SPX231020C04150000,234.87,21.62,233.3,234.6,12,0.1871,0.5413,0.0007,3542,4150.00,SPX231020P04150000,224.91,-7.74,215.7,216.8,24,0.187,-0.46,0.0007,350
Fri Nov 17 2023,SPX231117C04025000,313.4,0,334.3,336.4,0,0.2018,0.6233,0.0006,391,4025.00,SPX231117P04025000,191.05,-10,186.6,187.8,7,0.2019,-0.3782,0.0006,147
Fri Nov 17 2023,SPX231117C04050000,321.82,26.67,317.8,319.9,1,0.1993,0.6092,0.0006,1325,4050.00,SPX231117P04050000,195.69,-12.91,194.3,195.6,10,0.1993,-0.3923,0.0006,526
Fri Nov 17 2023,SPX231117C04075000,301.3,21.7,301.6,303.7,2,0.1968,0.5947,0.0006,245,4075.00,SPX231117P04075000,206.15,-11.05,202.3,203.6,2,0.1968,-0.4068,0.0006,190
Fri Nov 17 2023,SPX231117C04100000,267.58,0,285.7,287.5,0,0.1942,0.5798,0.0006,937,4100.00,SPX231117P04100000,265,0,210.7,212,0,0.1942,-0.4217,0.0006,2461
Fri Nov 17 2023,SPX231117C04125000,270.8,21.4,270.4,272,84,0.1917,0.5644,0.0006,1549,4125.00,SPX231117P04125000,220.79,-14.61,219.3,220.7,15,0.1918,-0.437,0.0006,1565
Fri Nov 17 2023,SPX231117C04150000,259.21,24.61,255.2,256.7,58,0.1891,0.5487,0.0006,2248,4150.00,SPX231117P04150000,229.62,-15.53,228.4,229.7,25,0.1892,-0.4527,0.0006,361
Fri Dec 15 2023,SPX231215C04025000,352.4,21.25,354.6,356.2,25,0.2026,0.6252,0.0006,2821,4025.00,SPX231215P04025000,217.09,0,198,199.1,0,0.2026,-0.3764,0.0006,2860
Fri Dec 15 2023,SPX231215C04050000,333.45,18.15,338.2,339.9,4,0.2002,0.6119,0.0006,11149,4050.00,SPX231215P04050000,211.06,-9.34,205.9,206.8,9,0.2003,-0.3896,0.0006,12530
Fri Dec 15 2023,SPX231215C04075000,321.89,22.14,322.1,323.7,30,0.1978,0.5983,0.0006,10234,4075.00,SPX231215P04075000,217.61,-10.94,213.7,214.9,230,0.1978,-0.4032,0.0006,1303
Fri Dec 15 2023,SPX231215C04100000,306,21.6,306.3,307.9,933,0.1955,0.5844,0.0006,25657,4100.00,SPX231215P04100000,223.2,-14.65,222.2,223.2,881,0.1955,-0.4172,0.0006,17921
Fri Dec 15 2023,SPX231215C04125000,256.5,0,290.7,292.4,0,0.193,0.57,0.0006,3513,4125.00,SPX231215P04125000,255.26,0,230.6,231.8,0,0.193,-0.4315,0.0006,2947
Fri Dec 15 2023,SPX231215C04150000,233.4,0,275.7,277,0,0.1907,0.5554,0.0006,11338,4150.00,SPX231215P04150000,246.66,-9.89,239.6,240.7,6,0.1907,-0.4462,0.0006,11059
Fri Dec 29 2023,SPXW231229C04025000,354.88,12.13,366,367.8,1,0.203,0.6278,0.0005,41,4025.00,SPXW231229P04025000,204.08,-12.32,202.1,203.8,3,0.2028,-0.3742,0.0005,278
Fri Dec 29 2023,SPXW231229C04050000,324.56,0,349.6,351.4,0,0.2007,0.615,0.0005,239,4050.00,SPXW231229P04050000,227.15,0,209.8,211.5,0,0.2005,-0.3871,0.0005,203
Fri Dec 29 2023,SPXW231229C04075000,323.9,12.7,333.5,335.2,1,0.1983,0.6018,0.0006,83,4075.00,SPXW231229P04075000,286.4,0,217.7,219.4,0,0.1982,-0.4003,0.0006,137
Fri Dec 29 2023,SPXW231229C04100000,319.75,23.95,317.6,319.3,5,0.196,0.5882,0.0006,547,4100.00,SPXW231229P04100000,279.22,0,225.9,227.7,0,0.1959,-0.4138,0.0006,91
Fri Dec 29 2023,SPXW231229C04125000,304.15,23.3,302,303.8,7,0.1936,0.5744,0.0006,61,4125.00,SPXW231229P04125000,264.75,0,234.5,236.2,0,0.1935,-0.4276,0.0006,61
Fri Dec 29 2023,SPXW231229C04150000,289.59,23.44,286.8,288.5,24,0.1913,0.5602,0.0006,191,4150.00,SPXW231229P04150000,266.32,0,243.3,245.1,0,0.1912,-0.4418,0.0006,202
Fri Jan 19 2024,SPX240119C04025000,379.93,23.33,379.4,382,2,0.2025,0.6306,0.0005,1093,4025.00,SPX240119P04025000,213.58,-8.32,208.5,209.9,83,0.2029,-0.3717,0.0005,446
Fri Jan 19 2024,SPX240119C04050000,361.6,21.25,363,365.8,1,0.2003,0.6182,0.0005,962,4050.00,SPX240119P04050000,217.7,-12.3,216.2,217.6,6,0.2006,-0.3841,0.0005,1598
Fri Jan 19 2024,SPX240119C04075000,323.2,0,346.9,349.5,0,0.198,0.6055,0.0005,718,4075.00,SPX240119P04075000,225.5,-12.9,224,225.5,3,0.1984,-0.3968,0.0005,981
Fri Jan 19 2024,SPX240119C04100000,331.7,22.1,331,333.6,18,0.1958,0.5925,0.0006,5422,4100.00,SPX240119P04100000,232.9,-14.65,232.2,233.7,38,0.1961,-0.4098,0.0006,3508
Fri Jan 19 2024,SPX240119C04125000,249.56,0,315.4,318,0,0.1935,0.5792,0.0006,1312,4125.00,SPX240119P04125000,241.3,-14.65,240.6,242.2,160,0.1938,-0.4232,0.0006,456
Fri Jan 19 2024,SPX240119C04150000,304.92,25.27,300.4,302.6,26,0.1912,0.5655,0.0006,1783,4150.00,SPX240119P04150000,250.2,-15,249.2,250.9,24,0.1915,-0.4368,0.0006,1470
Fri Feb 16 2024,SPX240216C04025000,327.76,0,399.1,402.4,0,0.204,0.6328,0.0005,305,4025.00,SPX240216P04025000,219.7,-12.7,219.5,220.5,1,0.2044,-0.3698,0.0005,53
Fri Feb 16 2024,SPX240216C04050000,309.79,0,382.8,385.8,0,0.2019,0.6211,0.0005,831,4050.00,SPX240216P04050000,227.4,-13.05,227.2,228.1,25,0.2023,-0.3816,0.0005,330
Fri Feb 16 2024,SPX240216C04075000,292.58,0,367,369.6,0,0.1998,0.6091,0.0005,2697,4075.00,SPX240216P04075000,236.7,-12.7,235,235.9,18,0.2001,-0.3936,0.0005,84
Fri Feb 16 2024,SPX240216C04100000,354.2,24.55,351,353.8,150,0.1976,0.5968,0.0005,2039,4100.00,SPX240216P04100000,244.5,-12.5,243.1,243.3,172,0.1976,-0.4059,0.0005,1192
Fri Feb 16 2024,SPX240216C04125000,263.04,0,335.5,337.9,0,0.1953,0.5842,0.0005,2534,4125.00,SPX240216P04125000,251.9,-13.95,251.5,251.6,23,0.1954,-0.4185,0.0005,77
Fri Feb 16 2024,SPX240216C04150000,250.44,0,320.2,322.5,0,0.1931,0.5713,0.0005,1668,4150.00,SPX240216P04150000,260.2,-14.75,260.1,260.9,31,0.1934,-0.4313,0.0005,189
Fri Mar 15 2024,SPX240315C04025000,397.82,0,416.4,419,0,0.2047,0.6344,0.0005,772,4025.00,SPX240315P04025000,279.5,0,228.5,230.1,0,0.2048,-0.3685,0.0005,321
Fri Mar 15 2024,SPX240315C04050000,372.4,0,400.2,402.8,0,0.2026,0.6232,0.0005,1556,4050.00,SPX240315P04050000,241.51,-9.14,236.1,237.7,202,0.2027,-0.3798,0.0005,617
Fri Mar 15 2024,SPX240315C04075000,361.85,0,384.2,386.7,0,0.2005,0.6117,0.0005,1151,4075.00,SPX240315P04075000,259.69,0,243.9,245.5,0,0.2005,-0.3912,0.0005,218
Fri Mar 15 2024,SPX240315C04100000,368.98,22.53,368.3,370.7,1088,0.1984,0.6,0.0005,3012,4100.00,SPX240315P04100000,253.06,-13.89,252,253.6,331,0.1984,-0.403,0.0005,3230
Fri Mar 15 2024,SPX240315C04125000,355.18,24.08,352.8,355.1,470,0.1963,0.588,0.0005,1552,4125.00,SPX240315P04125000,263.46,-11.94,260.3,261.9,21,0.1963,-0.415,0.0005,397
Fri Mar 15 2024,SPX240315C04150000,286,0,337.5,339.8,0,0.1942,0.5757,0.0005,1222,4150.00,SPX240315P04150000,277.4,-7,268.8,270.4,30,0.1942,-0.4272,0.0005,547
Thu Mar 28 2024,SPXW240328C04025000,398.4,0,425.5,428.2,0,0.2054,0.6356,0.0005,4,4025.00,SPXW240328P04025000,254.7,0,232.7,235.2,0,0.2055,-0.3673,0.0005,8
Thu Mar 28 2024,SPXW240328C04050000,409,22.1,409.3,412,4,0.2034,0.6247,0.0005,1,4050.00,SPXW240328P04050000,243.3,-11.45,240.3,242.8,4,0.2034,-0.3783,0.0005,1
Thu Mar 28 2024,SPXW240328C04075000,395.35,24,393.3,396,12,0.2013,0.6134,0.0005,2,4075.00,SPXW240328P04075000,0,0,248.1,250.7,0,0.2014,-0.3895,0.0005,0
Thu Mar 28 2024,SPXW240328C04100000,380.47,24.47,377.5,380.2,16,0.1992,0.602,0.0005,41,4100.00,SPXW240328P04100000,0,0,256.1,258.7,0,0.1993,-0.401,0.0005,0
Thu Mar 28 2024,SPXW240328C04125000,364.94,24.04,361.9,364.6,12,0.1971,0.5903,0.0005,100,4125.00,SPXW240328P04125000,0,0,264.4,267,0,0.1972,-0.4127,0.0005,0
Thu Mar 28 2024,SPXW240328C04150000,349.63,23.98,346.6,349.3,2,0.195,0.5783,0.0005,12,4150.00,SPXW240328P04150000,0,0,272.8,275.5,0,0.1951,-0.4247,0.0005,0
Fri Apr 19 2024,SPX240419C04025000,414.31,0,438.4,442.2,0,0.2058,0.6377,0.0004,105,4025.00,SPX240419P04025000,267.9,0,239,241,0,0.2057,-0.3655,0.0004,37
Fri Apr 19 2024,SPX240419C04050000,398.46,0,422.2,426,0,0.2037,0.627,0.0004,210,4050.00,SPX240419P04050000,251.45,-9.7,246.6,248.6,2,0.2037,-0.3762,0.0004,7
Fri Apr 19 2024,SPX240419C04075000,353.2,0,406.2,410,0,0.2017,0.6162,0.0005,20,4075.00,SPX240419P04075000,284.7,0,254.3,256.4,0,0.2016,-0.387,0.0005,45
Fri Apr 19 2024,SPX240419C04100000,393.3,25,390.5,394.2,5,0.1997,0.6051,0.0005,26,4100.00,SPX240419P04100000,264.7,-12.2,262.3,264.4,6,0.1996,-0.3981,0.0005,99
Fri Apr 19 2024,SPX240419C04125000,0,0,374.9,378.1,0,0.1975,0.5937,0.0005,0,4125.00,SPX240419P04125000,282.2,-4.25,270.5,272.6,6,0.1976,-0.4095,0.0005,13
Fri Apr 19 2024,SPX240419C04150000,324.2,0,359.6,362.8,0,0.1955,0.5822,0.0005,1,4150.00,SPX240419P04150000,0,0,278.9,281.1,0,0.1955,-0.421,0.0005,0
Fri Jun 21 2024,SPX240621C04025000,425.97,0,472.3,475.4,0,0.2062,0.6416,0.0004,440,4025.00,SPX240621P04025000,298,0,256.8,259,0,0.2061,-0.3623,0.0004,243
Fri Jun 21 2024,SPX240621C04050000,430.66,0,456.3,459.3,0,0.2043,0.6318,0.0004,1458,4050.00,SPX240621P04050000,269.8,-8.55,264.5,266.6,706,0.2043,-0.3721,0.0004,1494
Fri Jun 21 2024,SPX240621C04075000,440.25,21.65,440.5,443.5,16,0.2024,0.6218,0.0004,1716,4075.00,SPX240621P04075000,328.53,0,272.2,274.4,0,0.2024,-0.3821,0.0004,1096
Fri Jun 21 2024,SPX240621C04100000,424.38,21.08,425.6,427.9,429,0.2008,0.6116,0.0004,4579,4100.00,SPX240621P04100000,283.42,-11.58,280.6,282.2,910,0.2006,-0.3923,0.0004,4044
Fri Jun 21 2024,SPX240621C04125000,325.1,0,409.3,412.4,0,0.1986,0.6012,0.0004,413,4125.00,SPX240621P04125000,409.3,0,288.5,290.6,0,0.1987,-0.4027,0.0004,374
Fri Jun 21 2024,SPX240621C04150000,350.77,0,395,397.2,0,0.197,0.5906,0.0004,1862,4150.00,SPX240621P04150000,421.9,0,296.7,299,0,0.1968,-0.4133,0.0004,1331
Fri Dec 20 2024,SPX241220C03900000,620,0,637.4,644.2,0,0.216,0.6911,0.0003,4614,3900.00,SPX241220P03900000,270.41,-6.74,265.1,269.7,50,0.2156,-0.3146,0.0003,6161
Fri Dec 20 2024,SPX241220C03950000,513.33,0,605.1,612,0,0.213,0.6758,0.0003,948,3950.00,SPX241220P03950000,307.5,0,279.2,283.9,0,0.2126,-0.3299,0.0003,1020
Fri Dec 20 2024,SPX241220C04000000,574.31,23.01,573.4,580.3,8,0.2099,0.66,0.0003,34809,4000.00,SPX241220P04000000,300,-6.95,293.8,298.6,235,0.2095,-0.3457,0.0003,34270
Fri Dec 20 2024,SPX241220C04100000,512.85,22.15,511.8,518.6,535,0.2037,0.6268,0.0004,4694,4100.00,SPX241220P04100000,329.81,-9.34,324.8,329.8,493,0.2034,-0.3788,0.0004,5001
Fri Dec 20 2024,SPX241220C04200000,436.01,0,452.7,459.6,0,0.1975,0.5917,0.0004,5197,4200.00,SPX241220P04200000,469,0,358.5,363.6,0,0.1972,-0.4139,0.0004,5571
Fri Dec 20 2024,SPX241220C04300000,401,22.5,397.2,402.6,2,0.1913,0.5546,0.0004,6092,4300.00,SPX241220P04300000,416,0,395,400.2,0,0.191,-0.4511,0.0004,3064
Fri Dec 19 2025,SPX251219C03800000,781.92,0,830.5,848,0,0.2218,0.727,0.0002,1869,3800.00,SPX251219P03800000,314.11,0,300.3,312.3,0,0.2202,-0.2848,0.0002,3221
Fri Dec 19 2025,SPX251219C03900000,698.49,0,768.6,786.2,0,0.2171,0.7034,0.0002,515,3900.00,SPX251219P03900000,343.26,0,329.5,340.5,0,0.2159,-0.3085,0.0002,719
Fri Dec 19 2025,SPX251219C04000000,664.79,0,708.3,726.1,0,0.2124,0.6786,0.0003,11405,4000.00,SPX251219P04000000,386,0,359.1,370.3,0,0.2113,-0.3332,0.0003,11851
Fri Dec 19 2025,SPX251219C04100000,636.21,0,649.8,667.6,0,0.2076,0.6527,0.0003,989,4100.00,SPX251219P04100000,392.88,0,390.6,401.8,0,0.2066,-0.3592,0.0003,801
Fri Dec 19 2025,SPX251219C04200000,578,0,593.1,610.9,0,0.2027,0.6256,0.0003,915,4200.00,SPX251219P04200000,495.4,0,424,435.1,0,0.2018,-0.3862,0.0003,1266
Fri Dec 19 2025,SPX251219C04300000,504.75,0,538.3,555.2,0,0.1976,0.5974,0.0003,2952,4300.00,SPX251219P04300000,464.35,0,459.2,470.3,0,0.197,-0.4144,0.0003,2396
Fri Dec 18 2026,SPX261218C03800000,866.85,0,936,972.2,0,0.224,0.7388,0.0002,231,3800.00,SPX261218P03800000,426.88,0,347.9,372.7,0,0.2225,-0.2803,0.0002,394
Fri Dec 18 2026,SPX261218C03900000,824.89,0,877.4,913.9,0,0.2201,0.7187,0.0002,232,3900.00,SPX261218P03900000,408.93,0,376.5,401.9,0,0.2187,-0.3004,0.0002,528
Fri Dec 18 2026,SPX261218C04000000,760,0,820.2,856.9,0,0.216,0.6978,0.0002,4506,4000.00,SPX261218P04000000,461.03,0,410.7,432.4,0,0.2156,-0.3213,0.0002,5425
Fri Dec 18 2026,SPX261218C04100000,784,421.3,764.5,801.3,30,0.212,0.6762,0.0002,643,4100.00,SPX261218P04100000,455.84,-12.86,437.7,464.2,30,0.2109,-0.3429,0.0002,324
Fri Dec 18 2026,SPX261218C04200000,692.4,0,710.2,747.1,0,0.208,0.6538,0.0002,1067,4200.00,SPX261218P04200000,552.75,0,470.5,497.5,0,0.207,-0.3654,0.0002,524
Fri Dec 18 2026,SPX261218C04300000,578.8,0,657.6,694.4,0,0.2039,0.6306,0.0003,1147,4300.00,SPX261218P04300000,589.37,0,509.1,532.3,0,0.2038,-0.3886,0.0003,887
Fri Dec 17 2027,SPX271217C03800000,979.69,0,1035.9,1081.7,0,0.2268,0.7547,0.0002,195,3800.00,SPX271217P03800000,438.68,0,393.9,418.6,0,0.226,-0.2744,0.0002,88
Fri Dec 17 2027,SPX271217C03900000,952.52,0,980.5,1026.5,0,0.2234,0.7371,0.0002,123,3900.00,SPX271217P03900000,468.98,0,420.1,448.5,0,0.2222,-0.2921,0.0002,130
Fri Dec 17 2027,SPX271217C04000000,863.71,0,926.3,972.5,0,0.22,0.7188,0.0002,2980,4000.00,SPX271217P04000000,502.18,0,453.4,479.5,0,0.2195,-0.3103,0.0002,2906
Fri Dec 17 2027,SPX271217C04100000,896.31,479.51,873.3,919.5,1,0.2165,0.7001,0.0002,23,4100.00,SPX271217P04100000,498.39,-15.01,484.9,511.7,1,0.2162,-0.329,0.0002,21
Fri Dec 17 2027,SPX271217C04200000,735.32,0,821.5,867.8,0,0.2131,0.6808,0.0002,64,4200.00,SPX271217P04200000,0,0,514.8,545.2,0,0.2125,-0.3483,0.0002,1
Fri Dec 17 2027,SPX271217C04300000,781.1,414.5,770.9,817.3,1,0.2096,0.661,0.0002,21,4300.00,SPX271217P04300000,631.94,0,551.4,579.9,0,0.2096,-0.3681,0.0002,19